<component-set>
  <components>
    <component>
      <role>org.codehaus.modello.plugin.ModelloGenerator</role>
      <role-hint>snakeyaml-reader</role-hint>
      <implementation>org.codehaus.modello.plugin.snakeyaml.SnakeYamlReaderGenerator</implementation>
      <instantiation-strategy>per-lookup</instantiation-strategy>
    </component>
    <component>
      <role>org.codehaus.modello.plugin.ModelloGenerator</role>
      <role-hint>snakeyaml-writer</role-hint>
      <implementation>org.codehaus.modello.plugin.snakeyaml.SnakeYamlWriterGenerator</implementation>
      <instantiation-strategy>per-lookup</instantiation-strategy>
    </component>
    <component>
      <role>org.codehaus.modello.plugin.snakeyaml.SnakeYamlSerializerGenerator</role>
      <role-hint>snakeyaml-serializer</role-hint>
      <implementation>org.codehaus.modello.plugin.snakeyaml.SnakeYamlSerializerGenerator</implementation>
      <instantiation-strategy>per-lookup</instantiation-strategy>
    </component>
  </components>
</component-set>
