<?xml version="1.0"?>

<project xmlns="http://maven.apache.org/DECORATION/1.3.0"
  xmlns:xsi="http://www.w3.org/2001/XMLSchema-instance"
  xsi:schemaLocation="http://maven.apache.org/DECORATION/1.3.0 http://maven.apache.org/xsd/decoration-1.3.0.xsd">
  <bannerLeft>
    <name>Modello</name>
  </bannerLeft>

  <body>
    <menu name="Overview">
      <item name="Introduction" href="index.html"/>
      <item name="xdoc" href="features.html"/>
      <item name="xsd" href="xsd/features-1.0.0.xsd"/>
      <item name="JavaDocs" href="apidocs/index.html"/>
      <item name="Source Xref" href="xref/index.html"/>
      <!--item name="FAQ" href="faq.html"/-->
    </menu>

    <menu ref="reports"/>
  </body>

</project>
