<?xml version="1.0"?>

<document>

  <properties>
    <title>Modello XDOC Plugin</title>
    <author email="hboutemy_AT_apache_DOT_org">Hervé Boutemy</author>
  </properties>

  <body>

    <section name="Modello XDOC Plugin">

      <p>Modello XDOC Plugin generates model documentation using xdoc markup to be included in a Maven-generated
        reporting site.</p>

      <subsection name="xdoc">
      <p><code>xdoc</code> generator creates <code><i>model-id</i><b>.xdoc</b></code> documentation containing an XML
        representation of the model, followed by a table with explanation for every model class.
      </p>
      <p>
        An <a href="features.html">example</a> is available to see the resulting document.
      </p>
      </subsection>

    </section>

  </body>

</document>
